Date,Time,Time Zone,Gross Sales,Discounts,Service Charges,Net Sales,Gift Card Sales,Tax,Tip,Partial Refunds,Total Collected,Source,Card,Card Entry Methods,Cash,Square Gift Card,Other Tender,Other Tender Type,Tender Note,Fees,Net Total,Transaction ID,Payment ID,Card Brand,PAN Suffix,Device Name,Staff Name,Staff ID,Details,Description,Event Type,Location,Dining Option,Customer ID,Customer Name,Customer Reference ID,Device Nickname,Third Party Fees,Deposit ID,Deposit Date,Deposit Details,Fee Percentage Rate,Fee Fixed Rate,Refund Reason,Discount Name,Transaction Status,Order Reference ID,Fulfilment Note,Free Processing Applied,Channel,Unattributed Tips,Table info,International fee
2026-06-28,17:49:28,Sydney,$4.00,$0.00,$0.00,$4.00,$0.00,$0.00,$0.00,$0.00,$4.00,Point of Sale,$4.00,Tapped,$0.00,$0.00,$0.00,"","",-$0.08,$3.92,efzCri7p63vRplS9n4tmipFwsweZY,xOLgOBQdGYgiqNljmvHeMsSSv47YY,EFTPOS,2217,David’s iPhone,Dominic Connan O'Shea,,https://app.squareup.com/dashboard/sales/transactions/efzCri7p63vRplS9n4tmipFwsweZY/by-unit/LRRMHG43M2XEA,1x Adult Dinner - 4pm Dinners (Regular),Payment,Lighthouse Church Central Coast,"","","","","",$0.00,3ZC0WV6GAQHX1T15WVRGPZC8N2KX,2026-06-29,https://app.squareup.com/dashboard/sales/deposits/3ZC0WV6GAQHX1T15WVRGPZC8N2KX/by-unit/LRRMHG43M2XEA,1.9,$0.00,"","",Complete,"","",$0.00,"",$0.00,"",$0.00
2026-06-28,17:47:26,Sydney,$8.00,$0.00,$0.00,$8.00,$0.00,$0.00,$0.00,$0.00,$8.00,Point of Sale,$8.00,Tapped,$0.00,$0.00,$0.00,"","",-$0.15,$7.85,23RcG2YRfn7DJRUIZhpecHv88RAZY,7JeCLCPot4GltJEwgWAIAUzNyz6YY,EFTPOS,5798,David’s iPhone,Dominic Connan O'Shea,,https://app.squareup.com/dashboard/sales/transactions/23RcG2YRfn7DJRUIZhpecHv88RAZY/by-unit/LRRMHG43M2XEA,2 x 1x Adult Dinner - 4pm Dinners (Regular),Payment,Lighthouse Church Central Coast,"","","","","",$0.00,3ZC0WV6GAQHX1T15WVRGPZC8N2KX,2026-06-29,https://app.squareup.com/dashboard/sales/deposits/3ZC0WV6GAQHX1T15WVRGPZC8N2KX/by-unit/LRRMHG43M2XEA,1.9,$0.00,"","",Complete,"","",$0.00,"",$0.00,"",$0.00
2026-06-28,17:37:23,Sydney,$4.00,$0.00,$0.00,$4.00,$0.00,$0.00,$0.00,$0.00,$4.00,Point of Sale,$4.00,Tapped,$0.00,$0.00,$0.00,"","",-$0.08,$3.92,a9fwLiRzkrUmzsa5kZ8tkrdXSmWZY,9Cmq0a8OaV6bNQAwbNPsUe3SolQZY,EFTPOS,5167,David’s iPhone,Dominic Connan O'Shea,,https://app.squareup.com/dashboard/sales/transactions/a9fwLiRzkrUmzsa5kZ8tkrdXSmWZY/by-unit/LRRMHG43M2XEA,1x Adult Dinner - 4pm Dinners (Regular),Payment,Lighthouse Church Central Coast,"","","","","",$0.00,3ZC0WV6GAQHX1T15WVRGPZC8N2KX,2026-06-29,https://app.squareup.com/dashboard/sales/deposits/3ZC0WV6GAQHX1T15WVRGPZC8N2KX/by-unit/LRRMHG43M2XEA,1.9,$0.00,"","",Complete,"","",$0.00,"",$0.00,"",$0.00
2026-06-28,17:33:45,Sydney,$4.00,$0.00,$0.00,$4.00,$0.00,$0.00,$0.00,$0.00,$4.00,Point of Sale,$4.00,Tapped,$0.00,$0.00,$0.00,"","",-$0.08,$3.92,4ugqO1FUSwRGQi0MHPyxEXZFEUcZY,DrLLaJBEPVYcZ6NeDPgF8Oy2HbEZY,EFTPOS,8252,David’s iPhone,Dominic Connan O'Shea,,https://app.squareup.com/dashboard/sales/transactions/4ugqO1FUSwRGQi0MHPyxEXZFEUcZY/by-unit/LRRMHG43M2XEA,1x Adult Dinner - 4pm Dinners (Regular),Payment,Lighthouse Church Central Coast,"","","","","",$0.00,3ZC0WV6GAQHX1T15WVRGPZC8N2KX,2026-06-29,https://app.squareup.com/dashboard/sales/deposits/3ZC0WV6GAQHX1T15WVRGPZC8N2KX/by-unit/LRRMHG43M2XEA,1.9,$0.00,"","",Complete,"","",$0.00,"",$0.00,"",$0.00
2026-06-28,17:30:19,Sydney,$40.00,$0.00,$0.00,$40.00,$0.00,$0.00,$0.00,$0.00,$40.00,Point of Sale,$40.00,Tapped,$0.00,$0.00,$0.00,"","",-$0.76,$39.24,e9g3E7CgosJ50IDbnAbUJHyHR0eZY,nDmlNt6gPFHz39dc1aMU8kSDDkDZY,EFTPOS,1984,David’s iPhone,Dominic Connan O'Shea,,https://app.squareup.com/dashboard/sales/transactions/e9g3E7CgosJ50IDbnAbUJHyHR0eZY/by-unit/LRRMHG43M2XEA,10x Adult Dinners - 4pm Dinners (Regular),Payment,Lighthouse Church Central Coast,"","","","","",$0.00,3ZC0WV6GAQHX1T15WVRGPZC8N2KX,2026-06-29,https://app.squareup.com/dashboard/sales/deposits/3ZC0WV6GAQHX1T15WVRGPZC8N2KX/by-unit/LRRMHG43M2XEA,1.9,$0.00,"","",Complete,"","",$0.00,"",$0.00,"",$0.00
2026-06-28,17:28:13,Sydney,$8.00,$0.00,$0.00,$8.00,$0.00,$0.00,$0.00,$0.00,$8.00,Point of Sale,$8.00,Tapped,$0.00,$0.00,$0.00,"","",-$0.15,$7.85,OleU5zAeRpHqZClMnILY81LibDOZY,X1XjDjmrMj63j6lewQIkqkbqxjJZY,Mastercard,4621,David’s iPhone,Dominic Connan O'Shea,,https://app.squareup.com/dashboard/sales/transactions/OleU5zAeRpHqZClMnILY81LibDOZY/by-unit/LRRMHG43M2XEA,2 x 1x Adult Dinner - 4pm Dinners (Regular),Payment,Lighthouse Church Central Coast,"","","","","",$0.00,3ZC0WV6GAQHX1T15WVRGPZC8N2KX,2026-06-29,https://app.squareup.com/dashboard/sales/deposits/3ZC0WV6GAQHX1T15WVRGPZC8N2KX/by-unit/LRRMHG43M2XEA,1.9,$0.00,"","",Complete,"","",$0.00,"",$0.00,"",$0.00
2026-06-28,17:24:16,Sydney,$10.00,$0.00,$0.00,$10.00,$0.00,$0.00,$0.00,$0.00,$10.00,Point of Sale,$10.00,Tapped,$0.00,$0.00,$0.00,"","",-$0.19,$9.81,k0UilKI8zx2dC3dxAN40AQpLfnNZY,7jTwa75Ca7lRTsSMjSiaEzeJPcTZY,Visa,9878,David’s iPhone,Dominic Connan O'Shea,,https://app.squareup.com/dashboard/sales/transactions/k0UilKI8zx2dC3dxAN40AQpLfnNZY/by-unit/LRRMHG43M2XEA,"2 x 1x Adult Dinner - 4pm Dinners (Regular), 1x Kids Dinner - 4pm Dinners (Regular)",Payment,Lighthouse Church Central Coast,"","","","","",$0.00,3ZC0WV6GAQHX1T15WVRGPZC8N2KX,2026-06-29,https://app.squareup.com/dashboard/sales/deposits/3ZC0WV6GAQHX1T15WVRGPZC8N2KX/by-unit/LRRMHG43M2XEA,1.9,$0.00,"","",Complete,"","",$0.00,"",$0.00,"",$0.00
2026-06-26,18:54:01,Sydney,$6.00,$0.00,$0.00,$6.00,$0.00,$0.00,$0.00,$0.00,$6.00,Point of Sale,$6.00,Tapped,$0.00,$0.00,$0.00,"","",-$0.11,$5.89,sAAMK956wZjjkab7LQdFKakuOXLZY,ZI8lzWl5cvMD4xzuzvOAOua1dn9YY,EFTPOS,8611,Pixel 10,,,https://app.squareup.com/dashboard/sales/transactions/sAAMK956wZjjkab7LQdFKakuOXLZY/by-unit/LRRMHG43M2XEA,2 x LHY Single Night (Regular),Payment,Lighthouse Church Central Coast,"","","","","",$0.00,3ZHREQVEJF395JF84H33S62RZDYH,2026-06-27,https://app.squareup.com/dashboard/sales/deposits/3ZHREQVEJF395JF84H33S62RZDYH/by-unit/LRRMHG43M2XEA,1.9,$0.00,"","",Complete,"","",$0.00,"",$0.00,"",$0.00
2026-06-26,18:50:24,Sydney,$12.00,$0.00,$0.00,$12.00,$0.00,$0.00,$0.00,$0.00,$12.00,Point of Sale,$12.00,Tapped,$0.00,$0.00,$0.00,"","",-$0.23,$11.77,gsf17Q5RJzqAfLJ148uO6jub8SZZY,Nw7LwuqCpJmXU43dIWK44CTERyVZY,EFTPOS,6871,Pixel 10,,,https://app.squareup.com/dashboard/sales/transactions/gsf17Q5RJzqAfLJ148uO6jub8SZZY/by-unit/LRRMHG43M2XEA,4 x LHY Single Night (Regular),Payment,Lighthouse Church Central Coast,"","","","","",$0.00,3ZHREQVEJF395JF84H33S62RZDYH,2026-06-27,https://app.squareup.com/dashboard/sales/deposits/3ZHREQVEJF395JF84H33S62RZDYH/by-unit/LRRMHG43M2XEA,1.9,$0.00,"","",Complete,"","",$0.00,"",$0.00,"",$0.00
2026-06-26,18:49:23,Sydney,$3.00,$0.00,$0.00,$3.00,$0.00,$0.00,$0.00,$0.00,$3.00,Point of Sale,$3.00,Tapped,$0.00,$0.00,$0.00,"","",-$0.06,$2.94,iP62Ht9cVsxqzp6d2jImtFcEcAeZY,ZuFAtjDXaa5MxUDb2j0x2umfUJVZY,Visa,2673,Pixel 10,,,https://app.squareup.com/dashboard/sales/transactions/iP62Ht9cVsxqzp6d2jImtFcEcAeZY/by-unit/LRRMHG43M2XEA,LHY Single Night (Regular),Payment,Lighthouse Church Central Coast,"","","","","",$0.00,3ZHREQVEJF395JF84H33S62RZDYH,2026-06-27,https://app.squareup.com/dashboard/sales/deposits/3ZHREQVEJF395JF84H33S62RZDYH/by-unit/LRRMHG43M2XEA,1.9,$0.00,"","",Complete,"","",$0.00,"",$0.00,"",$0.00
2026-06-26,18:49:00,Sydney,$3.00,$0.00,$0.00,$3.00,$0.00,$0.00,$0.00,$0.00,$3.00,Point of Sale,$3.00,Tapped,$0.00,$0.00,$0.00,"","",-$0.06,$2.94,k8ca8QqBaN6qTXpwhzNYHYRJGKJZY,JUuNjPUPY8ApALQsXJkMMcKq06UZY,Visa,1227,Pixel 10,,,https://app.squareup.com/dashboard/sales/transactions/k8ca8QqBaN6qTXpwhzNYHYRJGKJZY/by-unit/LRRMHG43M2XEA,LHY Single Night (Regular),Payment,Lighthouse Church Central Coast,"","","","","",$0.00,3ZHREQVEJF395JF84H33S62RZDYH,2026-06-27,https://app.squareup.com/dashboard/sales/deposits/3ZHREQVEJF395JF84H33S62RZDYH/by-unit/LRRMHG43M2XEA,1.9,$0.00,"","",Complete,"","",$0.00,"",$0.00,"",$0.00
2026-06-26,16:27:55,Sydney,$6.00,$0.00,$0.00,$6.00,$0.00,$0.00,$0.00,$0.00,$6.00,Point of Sale,$6.00,Tapped,$0.00,$0.00,$0.00,"","",-$0.11,$5.89,4AD9NR2HXDD2DdcfR8xlGXLafiAZY,56Zfx0XmVf49cGvdIbSJZMR7oxcZY,Mastercard,6371,Pixel 9a,,,https://app.squareup.com/dashboard/sales/transactions/4AD9NR2HXDD2DdcfR8xlGXLafiAZY/by-unit/LRRMHG43M2XEA,3 x Lighthouse Kids Single Entry (Regular),Payment,Lighthouse Church Central Coast,"","","","","",$0.00,3ZHREQVEJF395JF84H33S62RZDYH,2026-06-27,https://app.squareup.com/dashboard/sales/deposits/3ZHREQVEJF395JF84H33S62RZDYH/by-unit/LRRMHG43M2XEA,1.9,$0.00,"","",Complete,"","",$0.00,"",$0.00,"",$0.00
2026-06-26,16:23:20,Sydney,$6.00,$0.00,$0.00,$6.00,$0.00,$0.00,$0.00,$0.00,$6.00,Point of Sale,$6.00,Tapped,$0.00,$0.00,$0.00,"","",-$0.11,$5.89,kIOoeJFuMDLBZaVafUup2vlf7pDZY,xitYmq4RiAsFtNsLIQyLZRdclQWZY,EFTPOS,0538,Pixel 9a,,,https://app.squareup.com/dashboard/sales/transactions/kIOoeJFuMDLBZaVafUup2vlf7pDZY/by-unit/LRRMHG43M2XEA,3 x Lighthouse Kids Single Entry (Regular),Payment,Lighthouse Church Central Coast,"","","","","",$0.00,3ZHREQVEJF395JF84H33S62RZDYH,2026-06-27,https://app.squareup.com/dashboard/sales/deposits/3ZHREQVEJF395JF84H33S62RZDYH/by-unit/LRRMHG43M2XEA,1.9,$0.00,"","",Complete,"","",$0.00,"",$0.00,"",$0.00
2026-06-26,16:22:21,Sydney,$2.00,$0.00,$0.00,$2.00,$0.00,$0.00,$0.00,$0.00,$2.00,Point of Sale,$2.00,Tapped,$0.00,$0.00,$0.00,"","",-$0.04,$1.96,mpuapg8PAQnOIuAXR6EzEMvn6DTZY,Pd3wVgnzRHCPzaggK5ZjVfKMlODZY,EFTPOS,4214,Pixel 9a,,,https://app.squareup.com/dashboard/sales/transactions/mpuapg8PAQnOIuAXR6EzEMvn6DTZY/by-unit/LRRMHG43M2XEA,Lighthouse Kids Single Entry (Regular),Payment,Lighthouse Church Central Coast,"","","","","",$0.00,3ZHREQVEJF395JF84H33S62RZDYH,2026-06-27,https://app.squareup.com/dashboard/sales/deposits/3ZHREQVEJF395JF84H33S62RZDYH/by-unit/LRRMHG43M2XEA,1.9,$0.00,"","",Complete,"","",$0.00,"",$0.00,"",$0.00
2026-06-26,16:19:17,Sydney,$2.00,$0.00,$0.00,$2.00,$0.00,$0.00,$0.00,$0.00,$2.00,Point of Sale,$2.00,Tapped,$0.00,$0.00,$0.00,"","",-$0.04,$1.96,SldqSYZdzpR2ZlNOTaptJp1S6yHZY,rBKEfN7zQeowyrhC0G63hg5q2EFZY,EFTPOS,4812,Pixel 9a,,,https://app.squareup.com/dashboard/sales/transactions/SldqSYZdzpR2ZlNOTaptJp1S6yHZY/by-unit/LRRMHG43M2XEA,Lighthouse Kids Single Entry (Regular),Payment,Lighthouse Church Central Coast,"","","","","",$0.00,3ZHREQVEJF395JF84H33S62RZDYH,2026-06-27,https://app.squareup.com/dashboard/sales/deposits/3ZHREQVEJF395JF84H33S62RZDYH/by-unit/LRRMHG43M2XEA,1.9,$0.00,"","",Complete,"","",$0.00,"",$0.00,"",$0.00
2026-06-22,19:17:27,Sydney,$4.00,$0.00,$0.00,$4.00,$0.00,$0.00,$0.00,$0.00,$4.00,Website payments,$4.00,Keyed,$0.00,$0.00,$0.00,"","",-$0.09,$3.91,adzKdBrgdwrg4qGteJjZaSkNt99YY,bXRyKCHhpADMKZjpbtmAe3sC2sRZY,Mastercard,9240,,,,https://app.squareup.com/dashboard/sales/transactions/adzKdBrgdwrg4qGteJjZaSkNt99YY/by-unit/LRRMHG43M2XEA,Adult meal (1 credits) - Branch: 4pm Dinners | Family: Atkinson — David and Amy,Payment,Lighthouse Church Central Coast,"",830MKKQVACWG1BPC7E70ZQ6YAR,David Atkinson,"","",$0.00,3ZYF76KA530H1WZCXH01HN14QVN9,2026-06-23,https://app.squareup.com/dashboard/sales/deposits/3ZYF76KA530H1WZCXH01HN14QVN9/by-unit/LRRMHG43M2XEA,2.2,$0.00,"","",Complete,b17d4baf-230f-44e6-a53a-49530df0fd97,"",$0.00,"",$0.00,"",$0.00
2026-06-22,17:55:55,Sydney,$4.00,$0.00,$0.00,$4.00,$0.00,$0.00,$0.00,$0.00,$4.00,Website payments,$4.00,Keyed,$0.00,$0.00,$0.00,"","",-$0.09,$3.91,YGoIAzaOh4vWu3Jg3IBTXHNLIs8YY,dmi5JFcSLP0OgCCpPaxRnWX9eNXZY,Mastercard,0406,,,,https://app.squareup.com/dashboard/sales/transactions/YGoIAzaOh4vWu3Jg3IBTXHNLIs8YY/by-unit/LRRMHG43M2XEA,Adult meal (1 credits) - Branch: 4pm Dinners | Family: Atkinson — David and Amy,Payment,Lighthouse Church Central Coast,"",830MKKQVACWG1BPC7E70ZQ6YAR,David Atkinson,"","",$0.00,3ZYF76KA530H1WZCXH01HN14QVN9,2026-06-23,https://app.squareup.com/dashboard/sales/deposits/3ZYF76KA530H1WZCXH01HN14QVN9/by-unit/LRRMHG43M2XEA,2.2,$0.00,"","",Complete,0920cf0b-e5ae-490c-9e48-ecfd67b592e1,"",$0.00,"",$0.00,"",$0.00
2026-06-21,17:35:01,Sydney,$16.00,$0.00,$0.00,$16.00,$0.00,$0.00,$0.00,$0.00,$16.00,Point of Sale,$16.00,Tapped,$0.00,$0.00,$0.00,"","",-$0.30,$15.70,Mg2J9t0JuFu5Rwk8TXA9wbO1vHQZY,zxGD9rOY3KPUapgHM1w8UpsOAhfZY,EFTPOS,7019,David’s iPhone,,,https://app.squareup.com/dashboard/sales/transactions/Mg2J9t0JuFu5Rwk8TXA9wbO1vHQZY/by-unit/LRRMHG43M2XEA,4 x 1x Adult Dinner - 4pm Dinners (Regular),Payment,Lighthouse Church Central Coast,"","","","","",$0.00,3Z5BY9D6HHTN57H322HZMRT196TN,2026-06-22,https://app.squareup.com/dashboard/sales/deposits/3Z5BY9D6HHTN57H322HZMRT196TN/by-unit/LRRMHG43M2XEA,1.9,$0.00,"","",Complete,"","",$0.00,"",$0.00,"",$0.00
2026-06-21,17:32:38,Sydney,$4.00,$0.00,$0.00,$4.00,$0.00,$0.00,$0.00,$0.00,$4.00,Point of Sale,$4.00,Tapped,$0.00,$0.00,$0.00,"","",-$0.08,$3.92,yP4zP4giRNmhsjW0QXV7KQzJX4KZY,5aJZKY4vMizj5UtiBia9y3CSJh9YY,EFTPOS,6358,David’s iPhone,,,https://app.squareup.com/dashboard/sales/transactions/yP4zP4giRNmhsjW0QXV7KQzJX4KZY/by-unit/LRRMHG43M2XEA,1x Adult Dinner - 4pm Dinners (Regular),Payment,Lighthouse Church Central Coast,"","","","","",$0.00,3Z5BY9D6HHTN57H322HZMRT196TN,2026-06-22,https://app.squareup.com/dashboard/sales/deposits/3Z5BY9D6HHTN57H322HZMRT196TN/by-unit/LRRMHG43M2XEA,1.9,$0.00,"","",Complete,"","",$0.00,"",$0.00,"",$0.00
2026-06-21,17:31:56,Sydney,$12.00,$0.00,$0.00,$12.00,$0.00,$0.00,$0.00,$0.00,$12.00,Point of Sale,$12.00,Tapped,$0.00,$0.00,$0.00,"","",-$0.23,$11.77,MgoO5ilf9OSNCs1itqN1jdhaV9NZY,FUj3fDnslM7eFg1Kt7GbDH7BZyHZY,EFTPOS,6871,David’s iPhone,,,https://app.squareup.com/dashboard/sales/transactions/MgoO5ilf9OSNCs1itqN1jdhaV9NZY/by-unit/LRRMHG43M2XEA,3 x 1x Adult Dinner - 4pm Dinners (Regular),Payment,Lighthouse Church Central Coast,"","","","","",$0.00,3Z5BY9D6HHTN57H322HZMRT196TN,2026-06-22,https://app.squareup.com/dashboard/sales/deposits/3Z5BY9D6HHTN57H322HZMRT196TN/by-unit/LRRMHG43M2XEA,1.9,$0.00,"","",Complete,"","",$0.00,"",$0.00,"",$0.00
2026-06-21,17:30:15,Sydney,$12.00,$0.00,$0.00,$12.00,$0.00,$0.00,$0.00,$0.00,$12.00,Point of Sale,$12.00,Tapped,$0.00,$0.00,$0.00,"","",-$0.23,$11.77,ki3Y5qnJTuIWZSKmVq2cb7rKUYMZY,h0wPcUPsZaRVmOdkA6HqLPUKHLWZY,Visa,0336,David’s iPhone,,,https://app.squareup.com/dashboard/sales/transactions/ki3Y5qnJTuIWZSKmVq2cb7rKUYMZY/by-unit/LRRMHG43M2XEA,3 x 1x Adult Dinner - 4pm Dinners (Regular),Payment,Lighthouse Church Central Coast,"","","","","",$0.00,3Z5BY9D6HHTN57H322HZMRT196TN,2026-06-22,https://app.squareup.com/dashboard/sales/deposits/3Z5BY9D6HHTN57H322HZMRT196TN/by-unit/LRRMHG43M2XEA,1.9,$0.00,"","",Complete,"","",$0.00,"",$0.00,"",$0.00
2026-06-21,17:29:25,Sydney,$4.00,$0.00,$0.00,$4.00,$0.00,$0.00,$0.00,$0.00,$4.00,Point of Sale,$4.00,Tapped,$0.00,$0.00,$0.00,"","",-$0.08,$3.92,UM8kKtXtJp5FaD1VVQcgYT0WWDIZY,V2qkLJdltEvNorVtrFJmL0cfDCPZY,EFTPOS,6141,David’s iPhone,,,https://app.squareup.com/dashboard/sales/transactions/UM8kKtXtJp5FaD1VVQcgYT0WWDIZY/by-unit/LRRMHG43M2XEA,1x Adult Dinner - 4pm Dinners (Regular),Payment,Lighthouse Church Central Coast,"","","","","",$0.00,3Z5BY9D6HHTN57H322HZMRT196TN,2026-06-22,https://app.squareup.com/dashboard/sales/deposits/3Z5BY9D6HHTN57H322HZMRT196TN/by-unit/LRRMHG43M2XEA,1.9,$0.00,"","",Complete,"","",$0.00,"",$0.00,"",$0.00
2026-06-21,17:29:05,Sydney,$4.00,$0.00,$0.00,$4.00,$0.00,$0.00,$0.00,$0.00,$4.00,Point of Sale,$4.00,Tapped,$0.00,$0.00,$0.00,"","",-$0.08,$3.92,u5WtyCVybWYcUGxhNuHizr6QaUfZY,nVVUZC95EeOx3Zrw33l1mmhD1BZZY,EFTPOS,5167,David’s iPhone,,,https://app.squareup.com/dashboard/sales/transactions/u5WtyCVybWYcUGxhNuHizr6QaUfZY/by-unit/LRRMHG43M2XEA,1x Adult Dinner - 4pm Dinners (Regular),Payment,Lighthouse Church Central Coast,"","","","","",$0.00,3Z5BY9D6HHTN57H322HZMRT196TN,2026-06-22,https://app.squareup.com/dashboard/sales/deposits/3Z5BY9D6HHTN57H322HZMRT196TN/by-unit/LRRMHG43M2XEA,1.9,$0.00,"","",Complete,"","",$0.00,"",$0.00,"",$0.00
2026-06-21,17:28:15,Sydney,$4.00,$0.00,$0.00,$4.00,$0.00,$0.00,$0.00,$0.00,$4.00,Point of Sale,$4.00,Tapped,$0.00,$0.00,$0.00,"","",-$0.08,$3.92,Ig7XvTm2prRN0jHXZ6t3dy7dIYBZY,LbBn0jhP5trnKADyZm1U5SlT6HBZY,Visa,5336,David’s iPhone,,,https://app.squareup.com/dashboard/sales/transactions/Ig7XvTm2prRN0jHXZ6t3dy7dIYBZY/by-unit/LRRMHG43M2XEA,1x Adult Dinner - 4pm Dinners (Regular),Payment,Lighthouse Church Central Coast,"","","","","",$0.00,3Z5BY9D6HHTN57H322HZMRT196TN,2026-06-22,https://app.squareup.com/dashboard/sales/deposits/3Z5BY9D6HHTN57H322HZMRT196TN/by-unit/LRRMHG43M2XEA,1.9,$0.00,"","",Complete,"","",$0.00,"",$0.00,"",$0.00
2026-06-21,17:27:43,Sydney,$12.00,$0.00,$0.00,$12.00,$0.00,$0.00,$0.00,$0.00,$12.00,Point of Sale,$12.00,Tapped,$0.00,$0.00,$0.00,"","",-$0.23,$11.77,EujX1iqTdhDcRhTSW6zTCBbOBS8YY,ZEiZJ7EqRS85mDOQsjpKMW7sTMDZY,EFTPOS,0201,David’s iPhone,,,https://app.squareup.com/dashboard/sales/transactions/EujX1iqTdhDcRhTSW6zTCBbOBS8YY/by-unit/LRRMHG43M2XEA,3 x 1x Adult Dinner - 4pm Dinners (Regular),Payment,Lighthouse Church Central Coast,"","","","","",$0.00,3Z5BY9D6HHTN57H322HZMRT196TN,2026-06-22,https://app.squareup.com/dashboard/sales/deposits/3Z5BY9D6HHTN57H322HZMRT196TN/by-unit/LRRMHG43M2XEA,1.9,$0.00,"","",Complete,"","",$0.00,"",$0.00,"",$0.00
2026-06-21,17:27:13,Sydney,$8.00,$0.00,$0.00,$8.00,$0.00,$0.00,$0.00,$0.00,$8.00,Point of Sale,$8.00,Tapped,$0.00,$0.00,$0.00,"","",-$0.15,$7.85,8g4svR19bFn1oiDa3rLpyG2gCvFZY,NcTQeSxRTXhcGTUsaxSJwalKwbXZY,Mastercard,4621,David’s iPhone,,,https://app.squareup.com/dashboard/sales/transactions/8g4svR19bFn1oiDa3rLpyG2gCvFZY/by-unit/LRRMHG43M2XEA,2 x 1x Adult Dinner - 4pm Dinners (Regular),Payment,Lighthouse Church Central Coast,"","","","","",$0.00,3Z5BY9D6HHTN57H322HZMRT196TN,2026-06-22,https://app.squareup.com/dashboard/sales/deposits/3Z5BY9D6HHTN57H322HZMRT196TN/by-unit/LRRMHG43M2XEA,1.9,$0.00,"","",Complete,"","",$0.00,"",$0.00,"",$0.00
2026-06-21,17:26:47,Sydney,$4.00,$0.00,$0.00,$4.00,$0.00,$0.00,$0.00,$0.00,$4.00,Point of Sale,$4.00,Tapped,$0.00,$0.00,$0.00,"","",-$0.08,$3.92,Uo8DXAoUZJ342PhccuczPiyo52KZY,bjRV7jQPADqCv8dKcG9hFQfo2C9YY,EFTPOS,1035,David’s iPhone,,,https://app.squareup.com/dashboard/sales/transactions/Uo8DXAoUZJ342PhccuczPiyo52KZY/by-unit/LRRMHG43M2XEA,2 x 1x Kids Dinner - 4pm Dinners (Regular),Payment,Lighthouse Church Central Coast,"","","","","",$0.00,3Z5BY9D6HHTN57H322HZMRT196TN,2026-06-22,https://app.squareup.com/dashboard/sales/deposits/3Z5BY9D6HHTN57H322HZMRT196TN/by-unit/LRRMHG43M2XEA,1.9,$0.00,"","",Complete,"","",$0.00,"",$0.00,"",$0.00
2026-06-21,17:26:03,Sydney,$40.00,$0.00,$0.00,$40.00,$0.00,$0.00,$0.00,$0.00,$40.00,Point of Sale,$40.00,Tapped,$0.00,$0.00,$0.00,"","",-$0.76,$39.24,kW90ytvyki7kHbPWZnYDRr3RVsVZY,bFytL1Xn4XC5EK53etAq6YC21rNZY,EFTPOS,6085,David’s iPhone,,,https://app.squareup.com/dashboard/sales/transactions/kW90ytvyki7kHbPWZnYDRr3RVsVZY/by-unit/LRRMHG43M2XEA,10x Adult Dinners - 4pm Dinners (Regular),Payment,Lighthouse Church Central Coast,"","","","","",$0.00,3Z5BY9D6HHTN57H322HZMRT196TN,2026-06-22,https://app.squareup.com/dashboard/sales/deposits/3Z5BY9D6HHTN57H322HZMRT196TN/by-unit/LRRMHG43M2XEA,1.9,$0.00,"","",Complete,"","",$0.00,"",$0.00,"",$0.00
2026-06-21,17:24:38,Sydney,$10.00,$0.00,$0.00,$10.00,$0.00,$0.00,$0.00,$0.00,$10.00,Point of Sale,$10.00,Tapped,$0.00,$0.00,$0.00,"","",-$0.19,$9.81,YcP0ZSlyg1TckydiZDmuPu4MNxNZY,l2uEfSqyZ3su6l6KAsquY10s9BKZY,Visa,7417,David’s iPhone,,,https://app.squareup.com/dashboard/sales/transactions/YcP0ZSlyg1TckydiZDmuPu4MNxNZY/by-unit/LRRMHG43M2XEA,"2 x 1x Adult Dinner - 4pm Dinners (Regular), 1x Kids Dinner - 4pm Dinners (Regular)",Payment,Lighthouse Church Central Coast,"","","","","",$0.00,3Z5BY9D6HHTN57H322HZMRT196TN,2026-06-22,https://app.squareup.com/dashboard/sales/deposits/3Z5BY9D6HHTN57H322HZMRT196TN/by-unit/LRRMHG43M2XEA,1.9,$0.00,"","",Complete,"","",$0.00,"",$0.00,"",$0.00
2026-06-21,17:24:02,Sydney,$12.00,$0.00,$0.00,$12.00,$0.00,$0.00,$0.00,$0.00,$12.00,Point of Sale,$12.00,Tapped,$0.00,$0.00,$0.00,"","",-$0.23,$11.77,4IhswchUYRRpqHEJLIGOW2SxsucZY,TlcZPfNAIIDfN9ojxb69S0GlulPZY,Visa,8756,David’s iPhone,,,https://app.squareup.com/dashboard/sales/transactions/4IhswchUYRRpqHEJLIGOW2SxsucZY/by-unit/LRRMHG43M2XEA,3 x 1x Adult Dinner - 4pm Dinners (Regular),Payment,Lighthouse Church Central Coast,"","","","","",$0.00,3Z5BY9D6HHTN57H322HZMRT196TN,2026-06-22,https://app.squareup.com/dashboard/sales/deposits/3Z5BY9D6HHTN57H322HZMRT196TN/by-unit/LRRMHG43M2XEA,1.9,$0.00,"","",Complete,"","",$0.00,"",$0.00,"",$0.00
2026-06-21,17:23:34,Sydney,$6.00,$0.00,$0.00,$6.00,$0.00,$0.00,$0.00,$0.00,$6.00,Point of Sale,$6.00,Tapped,$0.00,$0.00,$0.00,"","",-$0.11,$5.89,SNLxzc8hWx8yxPybIh9G9s0hEECZY,RiHhkx0Z0iFgWdJLUZx6KbUMxPSZY,EFTPOS,0394,David’s iPhone,,,https://app.squareup.com/dashboard/sales/transactions/SNLxzc8hWx8yxPybIh9G9s0hEECZY/by-unit/LRRMHG43M2XEA,"1x Adult Dinner - 4pm Dinners (Regular), 1x Kids Dinner - 4pm Dinners (Regular)",Payment,Lighthouse Church Central Coast,"","","","","",$0.00,3Z5BY9D6HHTN57H322HZMRT196TN,2026-06-22,https://app.squareup.com/dashboard/sales/deposits/3Z5BY9D6HHTN57H322HZMRT196TN/by-unit/LRRMHG43M2XEA,1.9,$0.00,"","",Complete,"","",$0.00,"",$0.00,"",$0.00
2026-06-21,17:23:07,Sydney,$4.00,$0.00,$0.00,$4.00,$0.00,$0.00,$0.00,$0.00,$4.00,Point of Sale,$4.00,Tapped,$0.00,$0.00,$0.00,"","",-$0.08,$3.92,uBmRJubID5UFWqlyc13WicBYO7FZY,BalGFSjjbakBbGgu349CdNud5B8YY,Mastercard,7184,David’s iPhone,,,https://app.squareup.com/dashboard/sales/transactions/uBmRJubID5UFWqlyc13WicBYO7FZY/by-unit/LRRMHG43M2XEA,1x Adult Dinner - 4pm Dinners (Regular),Payment,Lighthouse Church Central Coast,"","","","","",$0.00,3Z5BY9D6HHTN57H322HZMRT196TN,2026-06-22,https://app.squareup.com/dashboard/sales/deposits/3Z5BY9D6HHTN57H322HZMRT196TN/by-unit/LRRMHG43M2XEA,1.9,$0.00,"","",Complete,"","",$0.00,"",$0.00,"",$0.00
2026-06-21,17:22:44,Sydney,$4.00,$0.00,$0.00,$4.00,$0.00,$0.00,$0.00,$0.00,$4.00,Point of Sale,$4.00,Tapped,$0.00,$0.00,$0.00,"","",-$0.08,$3.92,cKx69w9Jfv3rHk6LD2QNTqITMiKZY,vlBRSM3uJTtEjBMESGLutBoAJYWZY,EFTPOS,2844,David’s iPhone,,,https://app.squareup.com/dashboard/sales/transactions/cKx69w9Jfv3rHk6LD2QNTqITMiKZY/by-unit/LRRMHG43M2XEA,1x Adult Dinner - 4pm Dinners (Regular),Payment,Lighthouse Church Central Coast,"","","","","",$0.00,3Z5BY9D6HHTN57H322HZMRT196TN,2026-06-22,https://app.squareup.com/dashboard/sales/deposits/3Z5BY9D6HHTN57H322HZMRT196TN/by-unit/LRRMHG43M2XEA,1.9,$0.00,"","",Complete,"","",$0.00,"",$0.00,"",$0.00
2026-06-19,19:07:27,Sydney,$6.00,$0.00,$0.00,$6.00,$0.00,$0.00,$0.00,$0.00,$6.00,Point of Sale,$6.00,Tapped,$0.00,$0.00,$0.00,"","",-$0.11,$5.89,c8crdMqfIBu8OHzFgipwiD4PYVDZY,Nc7YSz7ZBRbCFadhZK8KhBc9bU9YY,EFTPOS,0663,Pixel 10,,,https://app.squareup.com/dashboard/sales/transactions/c8crdMqfIBu8OHzFgipwiD4PYVDZY/by-unit/LRRMHG43M2XEA,2 x LHY Single Night (Regular),Payment,Lighthouse Church Central Coast,"","","","","",$0.00,3ZW2HT2MJ25X30H87TW7AQ9HWXH1,2026-06-20,https://app.squareup.com/dashboard/sales/deposits/3ZW2HT2MJ25X30H87TW7AQ9HWXH1/by-unit/LRRMHG43M2XEA,1.9,$0.00,"","",Complete,"","",$0.00,"",$0.00,"",$0.00
2026-06-19,16:15:08,Sydney,$4.00,$0.00,$0.00,$4.00,$0.00,$0.00,$0.00,$0.00,$4.00,Point of Sale,$4.00,Tapped,$0.00,$0.00,$0.00,"","",-$0.08,$3.92,KFr8wGZtVMrlmfgGOszsZqTNvpQZY,fLgdQV3z4s20rjcfQ3BBTiNRDUUZY,Visa,7293,Pixel 9a,,,https://app.squareup.com/dashboard/sales/transactions/KFr8wGZtVMrlmfgGOszsZqTNvpQZY/by-unit/LRRMHG43M2XEA,2 x Lighthouse Kids Single Entry (Regular),Payment,Lighthouse Church Central Coast,"","","","","",$0.00,3ZW2HT2MJ25X30H87TW7AQ9HWXH1,2026-06-20,https://app.squareup.com/dashboard/sales/deposits/3ZW2HT2MJ25X30H87TW7AQ9HWXH1/by-unit/LRRMHG43M2XEA,1.9,$0.00,"","",Complete,"","",$0.00,"",$0.00,"",$0.00
2026-06-14,17:54:07,Sydney,$4.00,$0.00,$0.00,$4.00,$0.00,$0.00,$0.00,$0.00,$4.00,Point of Sale,$4.00,Tapped,$0.00,$0.00,$0.00,"","",-$0.08,$3.92,GDFNEzxNEbSc8SDXuxEyzZ5SgEbZY,NUrstQ4m3QEUx2srSpxIL1MhemYZY,EFTPOS,6141,David’s iPhone,,,https://app.squareup.com/dashboard/sales/transactions/GDFNEzxNEbSc8SDXuxEyzZ5SgEbZY/by-unit/LRRMHG43M2XEA,1x Adult Dinner - 4pm Dinners (Regular),Payment,Lighthouse Church Central Coast,"","","","","",$0.00,3ZW3SH9REQN93690T31GPEBVWKZD,2026-06-15,https://app.squareup.com/dashboard/sales/deposits/3ZW3SH9REQN93690T31GPEBVWKZD/by-unit/LRRMHG43M2XEA,1.9,$0.00,"","",Complete,"","",$0.00,"",$0.00,"",$0.00
2026-06-14,17:45:23,Sydney,$10.00,$0.00,$0.00,$10.00,$0.00,$0.00,$0.00,$0.00,$10.00,Point of Sale,$10.00,Tapped,$0.00,$0.00,$0.00,"","",-$0.19,$9.81,USV3K3ZmaBq95tE3d4sEacajN2LZY,pKvM3Rhlvrt8r8tmJwycD6l3h56YY,EFTPOS,8252,David’s iPhone,,,https://app.squareup.com/dashboard/sales/transactions/USV3K3ZmaBq95tE3d4sEacajN2LZY/by-unit/LRRMHG43M2XEA,"2 x 1x Adult Dinner - 4pm Dinners (Regular), 1x Kids Dinner - 4pm Dinners (Regular)",Payment,Lighthouse Church Central Coast,"","","","","",$0.00,3ZW3SH9REQN93690T31GPEBVWKZD,2026-06-15,https://app.squareup.com/dashboard/sales/deposits/3ZW3SH9REQN93690T31GPEBVWKZD/by-unit/LRRMHG43M2XEA,1.9,$0.00,"","",Complete,"","",$0.00,"",$0.00,"",$0.00
2026-06-14,17:41:56,Sydney,$16.00,$0.00,$0.00,$16.00,$0.00,$0.00,$0.00,$0.00,$16.00,Point of Sale,$16.00,Tapped,$0.00,$0.00,$0.00,"","",-$0.30,$15.70,UKtlCnNTzUvP7PSuWYz07Fy1wgOZY,x8IdFyuHbJsA3MLwAdw5JFlBr3bZY,EFTPOS,6164,David’s iPhone,,,https://app.squareup.com/dashboard/sales/transactions/UKtlCnNTzUvP7PSuWYz07Fy1wgOZY/by-unit/LRRMHG43M2XEA,"3 x 1x Adult Dinner - 4pm Dinners (Regular), 2 x 1x Kids Dinner - 4pm Dinners (Regular)",Payment,Lighthouse Church Central Coast,"","","","","",$0.00,3ZW3SH9REQN93690T31GPEBVWKZD,2026-06-15,https://app.squareup.com/dashboard/sales/deposits/3ZW3SH9REQN93690T31GPEBVWKZD/by-unit/LRRMHG43M2XEA,1.9,$0.00,"","",Complete,"","",$0.00,"",$0.00,"",$0.00
2026-06-14,17:39:14,Sydney,$4.00,$0.00,$0.00,$4.00,$0.00,$0.00,$0.00,$0.00,$4.00,Point of Sale,$4.00,Tapped,$0.00,$0.00,$0.00,"","",-$0.08,$3.92,aJRS7j5VAH7XGe5RsuC12EVPs2bZY,RKbZAv7kJJFtmkRPxef22203wsfZY,Visa,5441,David’s iPhone,,,https://app.squareup.com/dashboard/sales/transactions/aJRS7j5VAH7XGe5RsuC12EVPs2bZY/by-unit/LRRMHG43M2XEA,1x Adult Dinner - 4pm Dinners (Regular),Payment,Lighthouse Church Central Coast,"","","","","",$0.00,3ZW3SH9REQN93690T31GPEBVWKZD,2026-06-15,https://app.squareup.com/dashboard/sales/deposits/3ZW3SH9REQN93690T31GPEBVWKZD/by-unit/LRRMHG43M2XEA,1.9,$0.00,"","",Complete,"","",$0.00,"",$0.00,"",$0.00
2026-06-14,17:38:36,Sydney,$4.00,$0.00,$0.00,$4.00,$0.00,$0.00,$0.00,$0.00,$4.00,Point of Sale,$4.00,Tapped,$0.00,$0.00,$0.00,"","",-$0.08,$3.92,4SwnbiIzFGpjFbqFkMu3sPnzDpGZY,vdfUnsMsgHg0LslkB0Zn1kYfLPZZY,Visa,1202,David’s iPhone,,,https://app.squareup.com/dashboard/sales/transactions/4SwnbiIzFGpjFbqFkMu3sPnzDpGZY/by-unit/LRRMHG43M2XEA,1x Adult Dinner - 4pm Dinners (Regular),Payment,Lighthouse Church Central Coast,"","","","","",$0.00,3ZW3SH9REQN93690T31GPEBVWKZD,2026-06-15,https://app.squareup.com/dashboard/sales/deposits/3ZW3SH9REQN93690T31GPEBVWKZD/by-unit/LRRMHG43M2XEA,1.9,$0.00,"","",Complete,"","",$0.00,"",$0.00,"",$0.00
2026-06-14,17:37:52,Sydney,$12.00,$0.00,$0.00,$12.00,$0.00,$0.00,$0.00,$0.00,$12.00,Point of Sale,$12.00,Tapped,$0.00,$0.00,$0.00,"","",-$0.23,$11.77,UkO7s9nmwkXwhMtiZft8oMFoNzQZY,rlMSaTKFgzkOFCiORehaSf2D7GOZY,EFTPOS,6765,David’s iPhone,,,https://app.squareup.com/dashboard/sales/transactions/UkO7s9nmwkXwhMtiZft8oMFoNzQZY/by-unit/LRRMHG43M2XEA,3 x 1x Adult Dinner - 4pm Dinners (Regular),Payment,Lighthouse Church Central Coast,"","","","","",$0.00,3ZW3SH9REQN93690T31GPEBVWKZD,2026-06-15,https://app.squareup.com/dashboard/sales/deposits/3ZW3SH9REQN93690T31GPEBVWKZD/by-unit/LRRMHG43M2XEA,1.9,$0.00,"","",Complete,"","",$0.00,"",$0.00,"",$0.00
2026-06-14,17:37:00,Sydney,$40.00,$0.00,$0.00,$40.00,$0.00,$0.00,$0.00,$0.00,$40.00,Point of Sale,$40.00,Tapped,$0.00,$0.00,$0.00,"","",-$0.76,$39.24,2NqhbHbXe5DMSwpMP8eh88f4OIXZY,tS2YELSmPdkquAPS0oL0NN7W5LFZY,Mastercard,7083,David’s iPhone,,,https://app.squareup.com/dashboard/sales/transactions/2NqhbHbXe5DMSwpMP8eh88f4OIXZY/by-unit/LRRMHG43M2XEA,10x Adult Dinners - 4pm Dinners (Regular),Payment,Lighthouse Church Central Coast,"","","","","",$0.00,3ZW3SH9REQN93690T31GPEBVWKZD,2026-06-15,https://app.squareup.com/dashboard/sales/deposits/3ZW3SH9REQN93690T31GPEBVWKZD/by-unit/LRRMHG43M2XEA,1.9,$0.00,"","",Complete,"","",$0.00,"",$0.00,"",$0.00
2026-06-14,17:34:50,Sydney,$80.00,$0.00,$0.00,$80.00,$0.00,$0.00,$0.00,$0.00,$80.00,Point of Sale,$80.00,Tapped,$0.00,$0.00,$0.00,"","",-$1.52,$78.48,y7ONWhWmxen31ku9fHs7NX7GEqRZY,HBvI2tIfMHp9zmT6o6dMXjMttmCZY,EFTPOS,7671,David’s iPhone,,,https://app.squareup.com/dashboard/sales/transactions/y7ONWhWmxen31ku9fHs7NX7GEqRZY/by-unit/LRRMHG43M2XEA,"2 x 10x Kids Dinners - 4pm Dinners (Regular), 10x Adult Dinners - 4pm Dinners (Regular)",Payment,Lighthouse Church Central Coast,"","","","","",$0.00,3ZW3SH9REQN93690T31GPEBVWKZD,2026-06-15,https://app.squareup.com/dashboard/sales/deposits/3ZW3SH9REQN93690T31GPEBVWKZD/by-unit/LRRMHG43M2XEA,1.9,$0.00,"","",Complete,"","",$0.00,"",$0.00,"",$0.00
2026-06-14,17:33:40,Sydney,$12.00,$0.00,$0.00,$12.00,$0.00,$0.00,$0.00,$0.00,$12.00,Point of Sale,$12.00,Tapped,$0.00,$0.00,$0.00,"","",-$0.23,$11.77,WHpAY1JhEx6oAdLTjtPzLdtERH9YY,LR85JfyDeOsVeA2oPkZmqFajAEFZY,Visa,5575,David’s iPhone,,,https://app.squareup.com/dashboard/sales/transactions/WHpAY1JhEx6oAdLTjtPzLdtERH9YY/by-unit/LRRMHG43M2XEA,3 x 1x Adult Dinner - 4pm Dinners (Regular),Payment,Lighthouse Church Central Coast,"","","","","",$0.00,3ZW3SH9REQN93690T31GPEBVWKZD,2026-06-15,https://app.squareup.com/dashboard/sales/deposits/3ZW3SH9REQN93690T31GPEBVWKZD/by-unit/LRRMHG43M2XEA,1.9,$0.00,"","",Complete,"","",$0.00,"",$0.00,"",$0.00
2026-06-14,17:32:52,Sydney,$8.00,$0.00,$0.00,$8.00,$0.00,$0.00,$0.00,$0.00,$8.00,Point of Sale,$8.00,Tapped,$0.00,$0.00,$0.00,"","",-$0.15,$7.85,ufNR3UPsoKr64pewM4iW2kePe3BZY,jPlF35A9E2YRgeS9JOPeKlhhpU6YY,Mastercard,6196,David’s iPhone,,,https://app.squareup.com/dashboard/sales/transactions/ufNR3UPsoKr64pewM4iW2kePe3BZY/by-unit/LRRMHG43M2XEA,"1x Adult Dinner - 4pm Dinners (Regular), 2 x 1x Kids Dinner - 4pm Dinners (Regular)",Payment,Lighthouse Church Central Coast,"","","","","",$0.00,3ZW3SH9REQN93690T31GPEBVWKZD,2026-06-15,https://app.squareup.com/dashboard/sales/deposits/3ZW3SH9REQN93690T31GPEBVWKZD/by-unit/LRRMHG43M2XEA,1.9,$0.00,"","",Complete,"","",$0.00,"",$0.00,"",$0.00
2026-06-14,17:32:35,Sydney,$4.00,$0.00,$0.00,$4.00,$0.00,$0.00,$0.00,$0.00,$4.00,Point of Sale,$4.00,Tapped,$0.00,$0.00,$0.00,"","",-$0.08,$3.92,4UVrYqFjgMSypnddZxZDCJlU8BMZY,xmrKcckgkwa5yThL8JQh1l3iaa6YY,EFTPOS,4582,David’s iPhone,,,https://app.squareup.com/dashboard/sales/transactions/4UVrYqFjgMSypnddZxZDCJlU8BMZY/by-unit/LRRMHG43M2XEA,1x Adult Dinner - 4pm Dinners (Regular),Payment,Lighthouse Church Central Coast,"","","","","",$0.00,3ZW3SH9REQN93690T31GPEBVWKZD,2026-06-15,https://app.squareup.com/dashboard/sales/deposits/3ZW3SH9REQN93690T31GPEBVWKZD/by-unit/LRRMHG43M2XEA,1.9,$0.00,"","",Complete,"","",$0.00,"",$0.00,"",$0.00
2026-06-14,17:32:07,Sydney,$4.00,$0.00,$0.00,$4.00,$0.00,$0.00,$0.00,$0.00,$4.00,Point of Sale,$4.00,Tapped,$0.00,$0.00,$0.00,"","",-$0.08,$3.92,OJE6B8mBuHKPNzSHMVVsfkaj8cQZY,JKJPamIoTkdOiGQengXcO5dyaPUZY,Visa,5728,David’s iPhone,,,https://app.squareup.com/dashboard/sales/transactions/OJE6B8mBuHKPNzSHMVVsfkaj8cQZY/by-unit/LRRMHG43M2XEA,1x Adult Dinner - 4pm Dinners (Regular),Payment,Lighthouse Church Central Coast,"","","","","",$0.00,3ZW3SH9REQN93690T31GPEBVWKZD,2026-06-15,https://app.squareup.com/dashboard/sales/deposits/3ZW3SH9REQN93690T31GPEBVWKZD/by-unit/LRRMHG43M2XEA,1.9,$0.00,"","",Complete,"","",$0.00,"",$0.00,"",$0.00
2026-06-14,17:31:42,Sydney,$12.00,$0.00,$0.00,$12.00,$0.00,$0.00,$0.00,$0.00,$12.00,Point of Sale,$12.00,Tapped,$0.00,$0.00,$0.00,"","",-$0.23,$11.77,GJUjOk5GInvqn8mFuiJc2DjRHhZZY,FKUarpkZATXCHyEythDuMawdS5DZY,Mastercard,8862,David’s iPhone,,,https://app.squareup.com/dashboard/sales/transactions/GJUjOk5GInvqn8mFuiJc2DjRHhZZY/by-unit/LRRMHG43M2XEA,3 x 1x Adult Dinner - 4pm Dinners (Regular),Payment,Lighthouse Church Central Coast,"","","","","",$0.00,3ZW3SH9REQN93690T31GPEBVWKZD,2026-06-15,https://app.squareup.com/dashboard/sales/deposits/3ZW3SH9REQN93690T31GPEBVWKZD/by-unit/LRRMHG43M2XEA,1.9,$0.00,"","",Complete,"","",$0.00,"",$0.00,"",$0.00
2026-06-14,17:30:49,Sydney,$8.00,$0.00,$0.00,$8.00,$0.00,$0.00,$0.00,$0.00,$8.00,Point of Sale,$8.00,Tapped,$0.00,$0.00,$0.00,"","",-$0.15,$7.85,Uava672EXY1scsZGyeVCyRFgDI6YY,R4A21y2BiZe5JJMl2S0ICoznr1KZY,Mastercard,7621,David’s iPhone,,,https://app.squareup.com/dashboard/sales/transactions/Uava672EXY1scsZGyeVCyRFgDI6YY/by-unit/LRRMHG43M2XEA,2 x 1x Adult Dinner - 4pm Dinners (Regular),Payment,Lighthouse Church Central Coast,"","","","","",$0.00,3ZW3SH9REQN93690T31GPEBVWKZD,2026-06-15,https://app.squareup.com/dashboard/sales/deposits/3ZW3SH9REQN93690T31GPEBVWKZD/by-unit/LRRMHG43M2XEA,1.9,$0.00,"","",Complete,"","",$0.00,"",$0.00,"",$0.00
2026-06-14,17:30:23,Sydney,$20.00,$0.00,$0.00,$20.00,$0.00,$0.00,$0.00,$0.00,$20.00,Point of Sale,$20.00,Tapped,$0.00,$0.00,$0.00,"","",-$0.38,$19.62,AKsE3TKPHtHfQAWCfk5Bpi4RdWYZY,LvlGbmrl2cviPq98wNxPkm6ZPZfZY,EFTPOS,6085,David’s iPhone,,,https://app.squareup.com/dashboard/sales/transactions/AKsE3TKPHtHfQAWCfk5Bpi4RdWYZY/by-unit/LRRMHG43M2XEA,5 x 1x Adult Dinner - 4pm Dinners (Regular),Payment,Lighthouse Church Central Coast,"","","","","",$0.00,3ZW3SH9REQN93690T31GPEBVWKZD,2026-06-15,https://app.squareup.com/dashboard/sales/deposits/3ZW3SH9REQN93690T31GPEBVWKZD/by-unit/LRRMHG43M2XEA,1.9,$0.00,"","",Complete,"","",$0.00,"",$0.00,"",$0.00
2026-06-14,17:29:31,Sydney,$4.00,$0.00,$0.00,$4.00,$0.00,$0.00,$0.00,$0.00,$4.00,Point of Sale,$4.00,Tapped,$0.00,$0.00,$0.00,"","",-$0.08,$3.92,eZg0anb9WKiZ2A9i4elvrDEjcpWZY,P9nW4El8IevfkH1l4ZW03Nl0knEZY,Mastercard,8997,David’s iPhone,,,https://app.squareup.com/dashboard/sales/transactions/eZg0anb9WKiZ2A9i4elvrDEjcpWZY/by-unit/LRRMHG43M2XEA,1x Adult Dinner - 4pm Dinners (Regular),Payment,Lighthouse Church Central Coast,"","","","","",$0.00,3ZW3SH9REQN93690T31GPEBVWKZD,2026-06-15,https://app.squareup.com/dashboard/sales/deposits/3ZW3SH9REQN93690T31GPEBVWKZD/by-unit/LRRMHG43M2XEA,1.9,$0.00,"","",Complete,"","",$0.00,"",$0.00,"",$0.00
2026-06-14,17:29:03,Sydney,$8.00,$0.00,$0.00,$8.00,$0.00,$0.00,$0.00,$0.00,$8.00,Point of Sale,$8.00,Tapped,$0.00,$0.00,$0.00,"","",-$0.15,$7.85,KtLAfQIS5hHKjh3Yxf5zMoE2VjAZY,BStK8gUh8NF3rBFXOjpWCwrsOPBZY,Visa,0462,David’s iPhone,,,https://app.squareup.com/dashboard/sales/transactions/KtLAfQIS5hHKjh3Yxf5zMoE2VjAZY/by-unit/LRRMHG43M2XEA,2 x 1x Adult Dinner - 4pm Dinners (Regular),Payment,Lighthouse Church Central Coast,"","","","","",$0.00,3ZW3SH9REQN93690T31GPEBVWKZD,2026-06-15,https://app.squareup.com/dashboard/sales/deposits/3ZW3SH9REQN93690T31GPEBVWKZD/by-unit/LRRMHG43M2XEA,1.9,$0.00,"","",Complete,"","",$0.00,"",$0.00,"",$0.00
2026-06-14,17:28:35,Sydney,$40.00,$0.00,$0.00,$40.00,$0.00,$0.00,$0.00,$0.00,$40.00,Point of Sale,$40.00,Tapped,$0.00,$0.00,$0.00,"","",-$0.76,$39.24,IqyATt2uf9cHxNlNICKCFLxIZa9YY,BAoWL9YWeQulNTatSS1Cvxw6jJdZY,Visa,1087,David’s iPhone,,,https://app.squareup.com/dashboard/sales/transactions/IqyATt2uf9cHxNlNICKCFLxIZa9YY/by-unit/LRRMHG43M2XEA,10x Adult Dinners - 4pm Dinners (Regular),Payment,Lighthouse Church Central Coast,"","","","","",$0.00,3ZW3SH9REQN93690T31GPEBVWKZD,2026-06-15,https://app.squareup.com/dashboard/sales/deposits/3ZW3SH9REQN93690T31GPEBVWKZD/by-unit/LRRMHG43M2XEA,1.9,$0.00,"","",Complete,"","",$0.00,"",$0.00,"",$0.00
2026-06-14,17:27:32,Sydney,$12.00,$0.00,$0.00,$12.00,$0.00,$0.00,$0.00,$0.00,$12.00,Point of Sale,$12.00,Tapped,$0.00,$0.00,$0.00,"","",-$0.23,$11.77,IUTGPBLdVjWfVslUomf0YUv3bfPZY,BgE8bRuI1rYMKI327N9ZtzAZCkJZY,Mastercard,4621,David’s iPhone,,,https://app.squareup.com/dashboard/sales/transactions/IUTGPBLdVjWfVslUomf0YUv3bfPZY/by-unit/LRRMHG43M2XEA,3 x 1x Adult Dinner - 4pm Dinners (Regular),Payment,Lighthouse Church Central Coast,"","","","","",$0.00,3ZW3SH9REQN93690T31GPEBVWKZD,2026-06-15,https://app.squareup.com/dashboard/sales/deposits/3ZW3SH9REQN93690T31GPEBVWKZD/by-unit/LRRMHG43M2XEA,1.9,$0.00,"","",Complete,"","",$0.00,"",$0.00,"",$0.00
2026-06-14,17:27:13,Sydney,$4.00,$0.00,$0.00,$4.00,$0.00,$0.00,$0.00,$0.00,$4.00,Point of Sale,$4.00,Tapped,$0.00,$0.00,$0.00,"","",-$0.08,$3.92,AEJkjpCPVd73CalMYGEuxwcAWG6YY,Byh8ASM7dp3L65zDKpIBYxMRTw7YY,EFTPOS,2836,David’s iPhone,,,https://app.squareup.com/dashboard/sales/transactions/AEJkjpCPVd73CalMYGEuxwcAWG6YY/by-unit/LRRMHG43M2XEA,1x Adult Dinner - 4pm Dinners (Regular),Payment,Lighthouse Church Central Coast,"","","","","",$0.00,3ZW3SH9REQN93690T31GPEBVWKZD,2026-06-15,https://app.squareup.com/dashboard/sales/deposits/3ZW3SH9REQN93690T31GPEBVWKZD/by-unit/LRRMHG43M2XEA,1.9,$0.00,"","",Complete,"","",$0.00,"",$0.00,"",$0.00
2026-06-14,17:27:00,Sydney,$4.00,$0.00,$0.00,$4.00,$0.00,$0.00,$0.00,$0.00,$4.00,Point of Sale,$4.00,Tapped,$0.00,$0.00,$0.00,"","",-$0.08,$3.92,YcrAGLET96BhgzGLsGuaHBYmXpfZY,dqIvxmLGaHGV723zF4HgHezYNpbZY,Mastercard,7184,David’s iPhone,,,https://app.squareup.com/dashboard/sales/transactions/YcrAGLET96BhgzGLsGuaHBYmXpfZY/by-unit/LRRMHG43M2XEA,1x Adult Dinner - 4pm Dinners (Regular),Payment,Lighthouse Church Central Coast,"","","","","",$0.00,3ZW3SH9REQN93690T31GPEBVWKZD,2026-06-15,https://app.squareup.com/dashboard/sales/deposits/3ZW3SH9REQN93690T31GPEBVWKZD/by-unit/LRRMHG43M2XEA,1.9,$0.00,"","",Complete,"","",$0.00,"",$0.00,"",$0.00
2026-06-14,17:26:18,Sydney,$10.00,$0.00,$0.00,$10.00,$0.00,$0.00,$0.00,$0.00,$10.00,Point of Sale,$10.00,Tapped,$0.00,$0.00,$0.00,"","",-$0.19,$9.81,cgcWlH2TxusVsg3ML1Y1lMoBnsdZY,BIsIU9OXmle85nl13YxRJhJNqTBZY,Visa,9878,David’s iPhone,,,https://app.squareup.com/dashboard/sales/transactions/cgcWlH2TxusVsg3ML1Y1lMoBnsdZY/by-unit/LRRMHG43M2XEA,"2 x 1x Adult Dinner - 4pm Dinners (Regular), 1x Kids Dinner - 4pm Dinners (Regular)",Payment,Lighthouse Church Central Coast,"","","","","",$0.00,3ZW3SH9REQN93690T31GPEBVWKZD,2026-06-15,https://app.squareup.com/dashboard/sales/deposits/3ZW3SH9REQN93690T31GPEBVWKZD/by-unit/LRRMHG43M2XEA,1.9,$0.00,"","",Complete,"","",$0.00,"",$0.00,"",$0.00
2026-06-12,19:05:59,Sydney,$3.00,$0.00,$0.00,$3.00,$0.00,$0.00,$0.00,$0.00,$3.00,Point of Sale,$3.00,Tapped,$0.00,$0.00,$0.00,"","",-$0.06,$2.94,qXaBn8uDoYckKXVnkosyrrSjWdFZY,z1gtOYIozlefcoSXScKEfWwXK4GZY,EFTPOS,2836,Pixel 10,,,https://app.squareup.com/dashboard/sales/transactions/qXaBn8uDoYckKXVnkosyrrSjWdFZY/by-unit/LRRMHG43M2XEA,LHY Single Night (Regular),Payment,Lighthouse Church Central Coast,"","","","","",$0.00,3Z64VDNWJFJH1QS2SJBVRE79K061,2026-06-13,https://app.squareup.com/dashboard/sales/deposits/3Z64VDNWJFJH1QS2SJBVRE79K061/by-unit/LRRMHG43M2XEA,1.9,$0.00,"","",Complete,"","",$0.00,"",$0.00,"",$0.00
2026-06-12,19:04:23,Sydney,$3.00,$0.00,$0.00,$3.00,$0.00,$0.00,$0.00,$0.00,$3.00,Point of Sale,$3.00,Tapped,$0.00,$0.00,$0.00,"","",-$0.06,$2.94,UouK2oCGgPZZWxRCXpZpbpMp4NUZY,By7fzKY6Ho4Vdvrwjme1dx6gvdIZY,Visa,2673,Pixel 10,,,https://app.squareup.com/dashboard/sales/transactions/UouK2oCGgPZZWxRCXpZpbpMp4NUZY/by-unit/LRRMHG43M2XEA,LHY Single Night (Regular),Payment,Lighthouse Church Central Coast,"","","","","",$0.00,3Z64VDNWJFJH1QS2SJBVRE79K061,2026-06-13,https://app.squareup.com/dashboard/sales/deposits/3Z64VDNWJFJH1QS2SJBVRE79K061/by-unit/LRRMHG43M2XEA,1.9,$0.00,"","",Complete,"","",$0.00,"",$0.00,"",$0.00
2026-06-12,16:25:46,Sydney,$2.00,$0.00,$0.00,$2.00,$0.00,$0.00,$0.00,$0.00,$2.00,Point of Sale,$2.00,Tapped,$0.00,$0.00,$0.00,"","",-$0.04,$1.96,AKi3jH6WZFkHoeCAUxo1uh4O2SDZY,7fBE47lqxwWInrcD8DsINOc5N2OZY,EFTPOS,4214,Pixel 9a,,,https://app.squareup.com/dashboard/sales/transactions/AKi3jH6WZFkHoeCAUxo1uh4O2SDZY/by-unit/LRRMHG43M2XEA,Lighthouse Kids Single Entry (Regular),Payment,Lighthouse Church Central Coast,"","","","","",$0.00,3Z64VDNWJFJH1QS2SJBVRE79K061,2026-06-13,https://app.squareup.com/dashboard/sales/deposits/3Z64VDNWJFJH1QS2SJBVRE79K061/by-unit/LRRMHG43M2XEA,1.9,$0.00,"","",Complete,"","",$0.00,"",$0.00,"",$0.00
2026-06-12,16:14:45,Sydney,$4.00,$0.00,$0.00,$4.00,$0.00,$0.00,$0.00,$0.00,$4.00,Point of Sale,$4.00,Tapped,$0.00,$0.00,$0.00,"","",-$0.08,$3.92,gwbqnyOTgoqx0cVng7xTROFoqKYZY,jZaJfeE5ucwR5zRthkUBgA7odwBZY,EFTPOS,4812,Pixel 9a,,,https://app.squareup.com/dashboard/sales/transactions/gwbqnyOTgoqx0cVng7xTROFoqKYZY/by-unit/LRRMHG43M2XEA,2 x Lighthouse Kids Single Entry (Regular),Payment,Lighthouse Church Central Coast,"","","","","",$0.00,3Z64VDNWJFJH1QS2SJBVRE79K061,2026-06-13,https://app.squareup.com/dashboard/sales/deposits/3Z64VDNWJFJH1QS2SJBVRE79K061/by-unit/LRRMHG43M2XEA,1.9,$0.00,"","",Complete,"","",$0.00,"",$0.00,"",$0.00
2026-06-07,17:41:58,Sydney,$12.00,$0.00,$0.00,$12.00,$0.00,$0.00,$0.00,$0.00,$12.00,Point of Sale,$12.00,Tapped,$0.00,$0.00,$0.00,"","",-$0.23,$11.77,UUokgx38YgXNMLsXUXIokTyZqlKZY,pcwqOaO5jCAdsyhd2SZa37T7nd7YY,Visa,6577,David’s iPhone,,,https://app.squareup.com/dashboard/sales/transactions/UUokgx38YgXNMLsXUXIokTyZqlKZY/by-unit/LRRMHG43M2XEA,3 x 1x Adult Dinner - 4pm Dinners (Regular),Payment,Lighthouse Church Central Coast,"","","","","",$0.00,3Z7JYC6JYRZS7D32V96H8SW4HAE9,2026-06-08,https://app.squareup.com/dashboard/sales/deposits/3Z7JYC6JYRZS7D32V96H8SW4HAE9/by-unit/LRRMHG43M2XEA,1.9,$0.00,"","",Complete,"","",$0.00,"",$0.00,"",$0.00
2026-06-07,17:34:06,Sydney,$4.00,$0.00,$0.00,$4.00,$0.00,$0.00,$0.00,$0.00,$4.00,Point of Sale,$4.00,Tapped,$0.00,$0.00,$0.00,"","",-$0.08,$3.92,GRayp8MmKA8f9amk3YmVjn4v4CDZY,Ptj6nhEwYW7twRYTMUuLDmtaQzFZY,EFTPOS,9656,David’s iPhone,,,https://app.squareup.com/dashboard/sales/transactions/GRayp8MmKA8f9amk3YmVjn4v4CDZY/by-unit/LRRMHG43M2XEA,1x Adult Dinner - 4pm Dinners (Regular),Payment,Lighthouse Church Central Coast,"","","","","",$0.00,3Z7JYC6JYRZS7D32V96H8SW4HAE9,2026-06-08,https://app.squareup.com/dashboard/sales/deposits/3Z7JYC6JYRZS7D32V96H8SW4HAE9/by-unit/LRRMHG43M2XEA,1.9,$0.00,"","",Complete,"","",$0.00,"",$0.00,"",$0.00
2026-06-07,17:33:26,Sydney,$8.00,$0.00,$0.00,$8.00,$0.00,$0.00,$0.00,$0.00,$8.00,Point of Sale,$8.00,Tapped,$0.00,$0.00,$0.00,"","",-$0.15,$7.85,osvEiCrwfMiC5mEULUZiNTCJdrSZY,X7I0iEEjsjw0Z19ebfYDDTBsMoNZY,EFTPOS,2585,David’s iPhone,,,https://app.squareup.com/dashboard/sales/transactions/osvEiCrwfMiC5mEULUZiNTCJdrSZY/by-unit/LRRMHG43M2XEA,2 x 1x Adult Dinner - 4pm Dinners (Regular),Payment,Lighthouse Church Central Coast,"","","","","",$0.00,3Z7JYC6JYRZS7D32V96H8SW4HAE9,2026-06-08,https://app.squareup.com/dashboard/sales/deposits/3Z7JYC6JYRZS7D32V96H8SW4HAE9/by-unit/LRRMHG43M2XEA,1.9,$0.00,"","",Complete,"","",$0.00,"",$0.00,"",$0.00
2026-06-07,17:31:44,Sydney,$40.00,$0.00,$0.00,$40.00,$0.00,$0.00,$0.00,$0.00,$40.00,Point of Sale,$40.00,Tapped,$0.00,$0.00,$0.00,"","",-$0.76,$39.24,SvUttP3uF3nngGTo15eN0kT2zKUZY,xKpqnLUMrPupt8uRjjwtRTQIy6ZZY,EFTPOS,7953,David’s iPhone,,,https://app.squareup.com/dashboard/sales/transactions/SvUttP3uF3nngGTo15eN0kT2zKUZY/by-unit/LRRMHG43M2XEA,10x Adult Dinners - 4pm Dinners (Regular),Payment,Lighthouse Church Central Coast,"","","","","",$0.00,3Z7JYC6JYRZS7D32V96H8SW4HAE9,2026-06-08,https://app.squareup.com/dashboard/sales/deposits/3Z7JYC6JYRZS7D32V96H8SW4HAE9/by-unit/LRRMHG43M2XEA,1.9,$0.00,"","",Complete,"","",$0.00,"",$0.00,"",$0.00
2026-06-07,17:29:28,Sydney,$4.00,$0.00,$0.00,$4.00,$0.00,$0.00,$0.00,$0.00,$4.00,Point of Sale,$4.00,Tapped,$0.00,$0.00,$0.00,"","",-$0.08,$3.92,Yi2QQREZINFXU4iOZHTN0CO2iQGZY,xCFib3u0v82nLT19El3ZmqO9vY7YY,EFTPOS,2484,David’s iPhone,,,https://app.squareup.com/dashboard/sales/transactions/Yi2QQREZINFXU4iOZHTN0CO2iQGZY/by-unit/LRRMHG43M2XEA,1x Adult Dinner - 4pm Dinners (Regular),Payment,Lighthouse Church Central Coast,"","","","","",$0.00,3Z7JYC6JYRZS7D32V96H8SW4HAE9,2026-06-08,https://app.squareup.com/dashboard/sales/deposits/3Z7JYC6JYRZS7D32V96H8SW4HAE9/by-unit/LRRMHG43M2XEA,1.9,$0.00,"","",Complete,"","",$0.00,"",$0.00,"",$0.00
2026-06-07,17:28:05,Sydney,$16.00,$0.00,$0.00,$16.00,$0.00,$0.00,$0.00,$0.00,$16.00,Point of Sale,$16.00,Tapped,$0.00,$0.00,$0.00,"","",-$0.30,$15.70,mpEPKMrrjdxEVnl68l6nPiBwEKPZY,RIOLeIDhMn7vVWW8lgMeO30VUGVZY,EFTPOS,2484,David’s iPhone,,,https://app.squareup.com/dashboard/sales/transactions/mpEPKMrrjdxEVnl68l6nPiBwEKPZY/by-unit/LRRMHG43M2XEA,"3 x 1x Adult Dinner - 4pm Dinners (Regular), 2 x 1x Kids Dinner - 4pm Dinners (Regular)",Payment,Lighthouse Church Central Coast,"","","","","",$0.00,3Z7JYC6JYRZS7D32V96H8SW4HAE9,2026-06-08,https://app.squareup.com/dashboard/sales/deposits/3Z7JYC6JYRZS7D32V96H8SW4HAE9/by-unit/LRRMHG43M2XEA,1.9,$0.00,"","",Complete,"","",$0.00,"",$0.00,"",$0.00
2026-06-07,17:27:14,Sydney,$4.00,$0.00,$0.00,$4.00,$0.00,$0.00,$0.00,$0.00,$4.00,Point of Sale,$4.00,Tapped,$0.00,$0.00,$0.00,"","",-$0.08,$3.92,KbuiRwp1L6PWYowQTwowM3YTYmfZY,Fs967mLF0X2yupvvaZQb4mXdz2PZY,Visa,8756,David’s iPhone,,,https://app.squareup.com/dashboard/sales/transactions/KbuiRwp1L6PWYowQTwowM3YTYmfZY/by-unit/LRRMHG43M2XEA,1x Adult Dinner - 4pm Dinners (Regular),Payment,Lighthouse Church Central Coast,"","","","","",$0.00,3Z7JYC6JYRZS7D32V96H8SW4HAE9,2026-06-08,https://app.squareup.com/dashboard/sales/deposits/3Z7JYC6JYRZS7D32V96H8SW4HAE9/by-unit/LRRMHG43M2XEA,1.9,$0.00,"","",Complete,"","",$0.00,"",$0.00,"",$0.00
2026-06-07,17:24:25,Sydney,$8.00,$0.00,$0.00,$8.00,$0.00,$0.00,$0.00,$0.00,$8.00,Point of Sale,$8.00,Tapped,$0.00,$0.00,$0.00,"","",-$0.15,$7.85,8UQZEaMTGgcmhGIx7X3hfGUd1b6YY,LvJ2QvoaLLDs2pP8eP5TTegnDDKZY,EFTPOS,2518,David’s iPhone,,,https://app.squareup.com/dashboard/sales/transactions/8UQZEaMTGgcmhGIx7X3hfGUd1b6YY/by-unit/LRRMHG43M2XEA,2 x 1x Adult Dinner - 4pm Dinners (Regular),Payment,Lighthouse Church Central Coast,"","","","","",$0.00,3Z7JYC6JYRZS7D32V96H8SW4HAE9,2026-06-08,https://app.squareup.com/dashboard/sales/deposits/3Z7JYC6JYRZS7D32V96H8SW4HAE9/by-unit/LRRMHG43M2XEA,1.9,$0.00,"","",Complete,"","",$0.00,"",$0.00,"",$0.00
2026-06-07,17:22:33,Sydney,$8.00,$0.00,$0.00,$8.00,$0.00,$0.00,$0.00,$0.00,$8.00,Point of Sale,$8.00,Tapped,$0.00,$0.00,$0.00,"","",-$0.15,$7.85,UafAz4w8ElMGMtdgBF7WH2cmHJQZY,Nms0pDSKqWR5ZfIj0IedrNVGBEHZY,EFTPOS,0406,David’s iPhone,,,https://app.squareup.com/dashboard/sales/transactions/UafAz4w8ElMGMtdgBF7WH2cmHJQZY/by-unit/LRRMHG43M2XEA,2 x 1x Adult Dinner - 4pm Dinners (Regular),Payment,Lighthouse Church Central Coast,"","","","","",$0.00,3Z7JYC6JYRZS7D32V96H8SW4HAE9,2026-06-08,https://app.squareup.com/dashboard/sales/deposits/3Z7JYC6JYRZS7D32V96H8SW4HAE9/by-unit/LRRMHG43M2XEA,1.9,$0.00,"","",Complete,"","",$0.00,"",$0.00,"",$0.00
2026-06-07,17:21:36,Sydney,$8.00,$0.00,$0.00,$8.00,$0.00,$0.00,$0.00,$0.00,$8.00,Point of Sale,$8.00,Tapped,$0.00,$0.00,$0.00,"","",-$0.15,$7.85,capGXqsQ9ImqeKIRCHayUfF82AMZY,PzGC14Pj5QTUM2XhojUe8eINT7BZY,Mastercard,7621,David’s iPhone,,,https://app.squareup.com/dashboard/sales/transactions/capGXqsQ9ImqeKIRCHayUfF82AMZY/by-unit/LRRMHG43M2XEA,2 x 1x Adult Dinner - 4pm Dinners (Regular),Payment,Lighthouse Church Central Coast,"","","","","",$0.00,3Z7JYC6JYRZS7D32V96H8SW4HAE9,2026-06-08,https://app.squareup.com/dashboard/sales/deposits/3Z7JYC6JYRZS7D32V96H8SW4HAE9/by-unit/LRRMHG43M2XEA,1.9,$0.00,"","",Complete,"","",$0.00,"",$0.00,"",$0.00
2026-06-07,17:20:54,Sydney,$16.00,$0.00,$0.00,$16.00,$0.00,$0.00,$0.00,$0.00,$16.00,Point of Sale,$16.00,Tapped,$0.00,$0.00,$0.00,"","",-$0.30,$15.70,63ok6x8Zx9U7lJ4G0HjDubiFcYOZY,1AVdSaGmKCTSqDt6G6GDaJ1aGXPZY,EFTPOS,6653,David’s iPhone,,,https://app.squareup.com/dashboard/sales/transactions/63ok6x8Zx9U7lJ4G0HjDubiFcYOZY/by-unit/LRRMHG43M2XEA,"3 x 1x Adult Dinner - 4pm Dinners (Regular), 2 x 1x Kids Dinner - 4pm Dinners (Regular)",Payment,Lighthouse Church Central Coast,"","","","","",$0.00,3Z7JYC6JYRZS7D32V96H8SW4HAE9,2026-06-08,https://app.squareup.com/dashboard/sales/deposits/3Z7JYC6JYRZS7D32V96H8SW4HAE9/by-unit/LRRMHG43M2XEA,1.9,$0.00,"","",Complete,"","",$0.00,"",$0.00,"",$0.00
2026-06-07,17:20:34,Sydney,$12.00,$0.00,$0.00,$12.00,$0.00,$0.00,$0.00,$0.00,$12.00,Point of Sale,$12.00,Tapped,$0.00,$0.00,$0.00,"","",-$0.23,$11.77,216TbWTMk988NKSMwqCLvtIwQ4GZY,1yskUlYJsj1EqPowLIMFs0xSz3LZY,Mastercard,6196,David’s iPhone,,,https://app.squareup.com/dashboard/sales/transactions/216TbWTMk988NKSMwqCLvtIwQ4GZY/by-unit/LRRMHG43M2XEA,"2 x 1x Adult Dinner - 4pm Dinners (Regular), 2 x 1x Kids Dinner - 4pm Dinners (Regular)",Payment,Lighthouse Church Central Coast,"","","","","",$0.00,3Z7JYC6JYRZS7D32V96H8SW4HAE9,2026-06-08,https://app.squareup.com/dashboard/sales/deposits/3Z7JYC6JYRZS7D32V96H8SW4HAE9/by-unit/LRRMHG43M2XEA,1.9,$0.00,"","",Complete,"","",$0.00,"",$0.00,"",$0.00
2026-06-07,17:20:06,Sydney,$10.00,$0.00,$0.00,$10.00,$0.00,$0.00,$0.00,$0.00,$10.00,Point of Sale,$10.00,Tapped,$0.00,$0.00,$0.00,"","",-$0.19,$9.81,W9KxJ88vFE6IWhnW6y0SOKDw5nbZY,N8nGGzC1ET9GTtTcjCfdGmYGSZXZY,Mastercard,4621,David’s iPhone,,,https://app.squareup.com/dashboard/sales/transactions/W9KxJ88vFE6IWhnW6y0SOKDw5nbZY/by-unit/LRRMHG43M2XEA,"1x Adult Dinner - 4pm Dinners (Regular), 3 x 1x Kids Dinner - 4pm Dinners (Regular)",Payment,Lighthouse Church Central Coast,"","","","","",$0.00,3Z7JYC6JYRZS7D32V96H8SW4HAE9,2026-06-08,https://app.squareup.com/dashboard/sales/deposits/3Z7JYC6JYRZS7D32V96H8SW4HAE9/by-unit/LRRMHG43M2XEA,1.9,$0.00,"","",Complete,"","",$0.00,"",$0.00,"",$0.00
2026-06-07,17:19:17,Sydney,$4.00,$0.00,$0.00,$4.00,$0.00,$0.00,$0.00,$0.00,$4.00,Point of Sale,$4.00,Tapped,$0.00,$0.00,$0.00,"","",-$0.08,$3.92,CvkZyKWVjd5qbrhAfQuuHlPQuMQZY,dmM2JT0czjVfm1fv0K67kfbAq5MZY,Mastercard,7184,David’s iPhone,,,https://app.squareup.com/dashboard/sales/transactions/CvkZyKWVjd5qbrhAfQuuHlPQuMQZY/by-unit/LRRMHG43M2XEA,1x Adult Dinner - 4pm Dinners (Regular),Payment,Lighthouse Church Central Coast,"","","","","",$0.00,3Z7JYC6JYRZS7D32V96H8SW4HAE9,2026-06-08,https://app.squareup.com/dashboard/sales/deposits/3Z7JYC6JYRZS7D32V96H8SW4HAE9/by-unit/LRRMHG43M2XEA,1.9,$0.00,"","",Complete,"","",$0.00,"",$0.00,"",$0.00
2026-06-07,17:18:47,Sydney,$4.00,$0.00,$0.00,$4.00,$0.00,$0.00,$0.00,$0.00,$4.00,Point of Sale,$4.00,Tapped,$0.00,$0.00,$0.00,"","",-$0.08,$3.92,4mYY6PTPYoicewPhaZG1tu44APMZY,frQBwATDUoUCvU8CmR4FdEWxvYdZY,EFTPOS,2836,David’s iPhone,,,https://app.squareup.com/dashboard/sales/transactions/4mYY6PTPYoicewPhaZG1tu44APMZY/by-unit/LRRMHG43M2XEA,1x Adult Dinner - 4pm Dinners (Regular),Payment,Lighthouse Church Central Coast,"","","","","",$0.00,3Z7JYC6JYRZS7D32V96H8SW4HAE9,2026-06-08,https://app.squareup.com/dashboard/sales/deposits/3Z7JYC6JYRZS7D32V96H8SW4HAE9/by-unit/LRRMHG43M2XEA,1.9,$0.00,"","",Complete,"","",$0.00,"",$0.00,"",$0.00
2026-06-05,19:07:57,Sydney,$3.00,$0.00,$0.00,$3.00,$0.00,$0.00,$0.00,$0.00,$3.00,Point of Sale,$3.00,Tapped,$0.00,$0.00,$0.00,"","",-$0.06,$2.94,utuky4ZS2oj2q5BbTMVXsj37gOUZY,bR8hUXwdNEeBkAH5Ctmg8Hf4ZqFZY,EFTPOS,2836,Pixel 10,,,https://app.squareup.com/dashboard/sales/transactions/utuky4ZS2oj2q5BbTMVXsj37gOUZY/by-unit/LRRMHG43M2XEA,LHY Single Night (Regular),Payment,Lighthouse Church Central Coast,"","","","","",$0.00,3ZRG09BQNCY93ZF7XX4T4R1K96KD,2026-06-06,https://app.squareup.com/dashboard/sales/deposits/3ZRG09BQNCY93ZF7XX4T4R1K96KD/by-unit/LRRMHG43M2XEA,1.9,$0.00,"","",Complete,"","",$0.00,"",$0.00,"",$0.00
2026-06-05,19:00:08,Sydney,$6.00,$0.00,$0.00,$6.00,$0.00,$0.00,$0.00,$0.00,$6.00,Point of Sale,$6.00,Tapped,$0.00,$0.00,$0.00,"","",-$0.11,$5.89,CNHXeh7yY8TmLaw01p7FeN1vhwaZY,FSMaIiapASA6q2jdH6IIlxZH2RTZY,EFTPOS,8353,Pixel 10,,,https://app.squareup.com/dashboard/sales/transactions/CNHXeh7yY8TmLaw01p7FeN1vhwaZY/by-unit/LRRMHG43M2XEA,2 x LHY Single Night (Regular),Payment,Lighthouse Church Central Coast,"","","","","",$0.00,3ZRG09BQNCY93ZF7XX4T4R1K96KD,2026-06-06,https://app.squareup.com/dashboard/sales/deposits/3ZRG09BQNCY93ZF7XX4T4R1K96KD/by-unit/LRRMHG43M2XEA,1.9,$0.00,"","",Complete,"","",$0.00,"",$0.00,"",$0.00
2026-06-05,18:59:49,Sydney,$3.00,$0.00,$0.00,$3.00,$0.00,$0.00,$0.00,$0.00,$3.00,Point of Sale,$3.00,Tapped,$0.00,$0.00,$0.00,"","",-$0.06,$2.94,EODv1y44PRFp8HMGpOpJsKuWoA9YY,rLhLyPvgAQ7GIwumcYVGY6gkPBCZY,Visa,1300,Pixel 10,,,https://app.squareup.com/dashboard/sales/transactions/EODv1y44PRFp8HMGpOpJsKuWoA9YY/by-unit/LRRMHG43M2XEA,LHY Single Night (Regular),Payment,Lighthouse Church Central Coast,"","","","","",$0.00,3ZRG09BQNCY93ZF7XX4T4R1K96KD,2026-06-06,https://app.squareup.com/dashboard/sales/deposits/3ZRG09BQNCY93ZF7XX4T4R1K96KD/by-unit/LRRMHG43M2XEA,1.9,$0.00,"","",Complete,"","",$0.00,"",$0.00,"",$0.00
2026-06-05,16:23:36,Sydney,$2.00,$0.00,$0.00,$2.00,$0.00,$0.00,$0.00,$0.00,$2.00,Point of Sale,$2.00,Tapped,$0.00,$0.00,$0.00,"","",-$0.04,$1.96,mJg1e4yfwKUMMNb0RPKlxB4pFcNZY,FwbaoqgRXJepU8iE1KrBZkiznCUZY,EFTPOS,4812,Pixel 9a,,,https://app.squareup.com/dashboard/sales/transactions/mJg1e4yfwKUMMNb0RPKlxB4pFcNZY/by-unit/LRRMHG43M2XEA,Lighthouse Kids Single Entry (Regular),Payment,Lighthouse Church Central Coast,"","","","","",$0.00,3ZRG09BQNCY93ZF7XX4T4R1K96KD,2026-06-06,https://app.squareup.com/dashboard/sales/deposits/3ZRG09BQNCY93ZF7XX4T4R1K96KD/by-unit/LRRMHG43M2XEA,1.9,$0.00,"","",Complete,"","",$0.00,"",$0.00,"",$0.00
2026-06-05,16:20:27,Sydney,$2.00,$0.00,$0.00,$2.00,$0.00,$0.00,$0.00,$0.00,$2.00,Point of Sale,$2.00,Tapped,$0.00,$0.00,$0.00,"","",-$0.04,$1.96,aphUmCO1oG8iMSG236zzU2ompkdZY,ZoO80JDg7gQ7fuxCh0cl3tRjc3QZY,Visa,3275,Pixel 9a,,,https://app.squareup.com/dashboard/sales/transactions/aphUmCO1oG8iMSG236zzU2ompkdZY/by-unit/LRRMHG43M2XEA,Lighthouse Kids Single Entry (Regular),Payment,Lighthouse Church Central Coast,"","","","","",$0.00,3ZRG09BQNCY93ZF7XX4T4R1K96KD,2026-06-06,https://app.squareup.com/dashboard/sales/deposits/3ZRG09BQNCY93ZF7XX4T4R1K96KD/by-unit/LRRMHG43M2XEA,1.9,$0.00,"","",Complete,"","",$0.00,"",$0.00,"",$0.00
2026-06-05,16:19:16,Sydney,$2.00,$0.00,$0.00,$2.00,$0.00,$0.00,$0.00,$0.00,$2.00,Point of Sale,$2.00,Tapped,$0.00,$0.00,$0.00,"","",-$0.04,$1.96,gIB714GESjPBxjb2I9jL3ddFu6PZY,b7jsl1Rj9dpx146XF2KnFXVI3iYZY,Visa,4205,Pixel 9a,,,https://app.squareup.com/dashboard/sales/transactions/gIB714GESjPBxjb2I9jL3ddFu6PZY/by-unit/LRRMHG43M2XEA,Lighthouse Kids Single Entry (Regular),Payment,Lighthouse Church Central Coast,"","","","","",$0.00,3ZRG09BQNCY93ZF7XX4T4R1K96KD,2026-06-06,https://app.squareup.com/dashboard/sales/deposits/3ZRG09BQNCY93ZF7XX4T4R1K96KD/by-unit/LRRMHG43M2XEA,1.9,$0.00,"","",Complete,"","",$0.00,"",$0.00,"",$0.00
2026-06-05,16:18:50,Sydney,$6.00,$0.00,$0.00,$6.00,$0.00,$0.00,$0.00,$0.00,$6.00,Point of Sale,$6.00,Tapped,$0.00,$0.00,$0.00,"","",-$0.11,$5.89,AMjpMxLrITdNzEatOwKKerFO2p7YY,hYocFCzT1zBYjhqPE1qmjVqlntJZY,EFTPOS,2484,Pixel 9a,,,https://app.squareup.com/dashboard/sales/transactions/AMjpMxLrITdNzEatOwKKerFO2p7YY/by-unit/LRRMHG43M2XEA,3 x Lighthouse Kids Single Entry (Regular),Payment,Lighthouse Church Central Coast,"","","","","",$0.00,3ZRG09BQNCY93ZF7XX4T4R1K96KD,2026-06-06,https://app.squareup.com/dashboard/sales/deposits/3ZRG09BQNCY93ZF7XX4T4R1K96KD/by-unit/LRRMHG43M2XEA,1.9,$0.00,"","",Complete,"","",$0.00,"",$0.00,"",$0.00
